<?xml version="1.0" encoding="UTF-8"?>
<project-private xmlns="http://www.netbeans.org/ns/project-private/1">
    <editor-bookmarks xmlns="http://www.netbeans.org/ns/editor-bookmarks/2" lastBookmarkId="0"/>
    <open-files xmlns="http://www.netbeans.org/ns/projectui-open-files/2">
        <group>
            <file>file:/var/www/proindusquim/controllers/indexController.php</file>
            <file>file:/var/www/proindusquim/application/View.php</file>
            <file>file:/var/www/proindusquim/application/Request.php</file>
            <file>file:/var/www/proindusquim/application/Config.php</file>
            <file>file:/var/www/proindusquim/application/Controller.php</file>
            <file>file:/var/www/proindusquim/index.php</file>
            <file>file:/var/www/proindusquim/application/Session.php</file>
            <file>file:/var/www/proindusquim/controllers/serviciosController.php</file>
            <file>file:/var/www/proindusquim/controllers/principalController.php</file>
        </group>
    </open-files>
</project-private>
